id_performance,Prova,Estrategia_Pacing,50,100,150,200,250,300,350,400,450,500,550,600,650,700,750,800,850,900,950,1000,1050,1100,1150,1200,1250,1300,1350,1400,1450,1500
AUBRY David (Men's Heats),400m Livre,Parabólico (Sprint Final),106.87,99.73,99.35,99.04,98.93,97.32,97.85,101.53,,,,,,,,,,,,,,,,,,,,,,
BATBAYAR Enkhkhuslen (Women's Heats),400m Livre,Positivo (Variante 0),110.12,103.65,99.77,99.98,96.65,96.88,95.04,99.43,,,,,,,,,,,,,,,,,,,,,,
BOSKAN Saso (Men's Heats),400m Livre,Parabólico (Sprint Final),109.0,98.1,98.77,97.13,98.3,96.97,101.82,100.96,,,,,,,,,,,,,,,,,,,,,,
CALDWELL Matthew (Men's Heats),400m Livre,Positivo (Variante 0),111.95,104.51,102.52,100.3,99.58,95.9,93.56,94.2,,,,,,,,,,,,,,,,,,,,,,
CHMIELEWSKI Krzysztof (Men's Heats),400m Livre,Uniforme / Estável,110.76,99.04,98.76,99.18,97.74,98.18,96.65,100.97,,,,,,,,,,,,,,,,,,,,,,
COSTA Guilherme (Men's Heats),400m Livre,Super Agressivo (Fly & Die),112.8,100.73,98.51,96.65,98.07,96.52,98.92,99.57,,,,,,,,,,,,,,,,,,,,,,
DIAKOVA Sofia (Women's Heats),400m Livre,Uniforme / Estável,109.21,102.41,99.84,98.33,98.39,97.34,96.35,99.24,,,,,,,,,,,,,,,,,,,,,,
DINI Delfina (Women's Heats),400m Livre,Uniforme / Estável,108.71,100.92,99.82,98.62,98.83,96.6,97.54,99.88,,,,,,,,,,,,,,,,,,,,,,
DJAKOVIC Antonio (Men's Heats),400m Livre,Super Agressivo (Fly & Die),112.54,101.21,98.7,97.79,97.72,98.16,96.93,98.63,,,,,,,,,,,,,,,,,,,,,,
EKK Ethan (Men's Heats),400m Livre,Parabólico (Sprint Final),106.33,99.44,98.82,97.59,96.85,98.85,99.65,103.14,,,,,,,,,,,,,,,,,,,,,,
FABIAN Bettina (Women's Heats),400m Livre,Uniforme / Estável,108.57,102.05,99.31,98.54,97.96,98.39,96.3,99.84,,,,,,,,,,,,,,,,,,,,,,
FEI Liwei (Men's Heats),400m Livre,Positivo (Variante 0),111.67,102.79,101.27,98.52,98.76,97.19,94.63,96.99,,,,,,,,,,,,,,,,,,,,,,
GAN Ching Hwee (Women's Heats),400m Livre,Uniforme / Estável,107.05,100.41,99.16,99.1,99.38,98.51,98.23,98.72,,,,,,,,,,,,,,,,,,,,,,
GATT Sasha (Women's Heats),400m Livre,Super Agressivo (Fly & Die),111.41,101.95,99.78,98.21,97.53,96.34,97.33,98.96,,,,,,,,,,,,,,,,,,,,,,
GOSE Isabel (Women's Final),400m Livre,Uniforme / Estável,107.14,99.71,100.04,98.84,99.03,97.98,98.23,99.61,,,,,,,,,,,,,,,,,,,,,,
GOSE Isabel (Women's Heats),400m Livre,Uniforme / Estável,108.21,101.87,100.34,99.52,98.03,96.55,97.0,99.4,,,,,,,,,,,,,,,,,,,,,,
HAELL Thilda (Women's Heats),400m Livre,Uniforme / Estável,107.63,102.36,100.09,98.46,98.49,97.41,97.03,99.34,,,,,,,,,,,,,,,,,,,,,,
HENVEAUX Camille (Women's Heats),400m Livre,Uniforme / Estável,109.02,101.35,99.19,98.34,98.61,97.53,98.46,98.46,,,,,,,,,,,,,,,,,,,,,,
HENVEAUX Lucas Pierre A (Men's Heats),400m Livre,Uniforme / Estável,108.6,101.27,99.46,98.94,97.71,97.88,96.74,100.34,,,,,,,,,,,,,,,,,,,,,,
HERNANDEZ MOJARRIETA VA (Men's Heats),400m Livre,Uniforme / Estável,108.04,100.68,99.66,98.72,98.69,97.71,97.92,99.31,,,,,,,,,,,,,,,,,,,,,,
IMAFUKU Kazushi (Men's Heats),400m Livre,Parabólico (Sprint Final),105.72,99.5,98.95,97.2,99.36,99.19,100.58,99.92,,,,,,,,,,,,,,,,,,,,,,
ISMAYILZADA Suleyman (Men's Heats),400m Livre,Positivo (Variante 0),111.48,103.24,100.39,99.17,97.97,96.69,96.01,96.78,,,,,,,,,,,,,,,,,,,,,,
JANSEN Ella (Women's Heats),400m Livre,Parabólico (Sprint Final),109.21,99.96,99.04,97.75,97.93,97.87,98.45,100.76,,,,,,,,,,,,,,,,,,,,,,
JOHANSSON Victor (Men's Final),400m Livre,Uniforme / Estável,107.19,100.41,99.77,97.96,98.13,97.99,98.61,100.55,,,,,,,,,,,,,,,,,,,,,,
JOHANSSON Victor (Men's Heats),400m Livre,Uniforme / Estável,106.74,101.65,100.1,99.11,98.04,98.01,97.63,99.32,,,,,,,,,,,,,,,,,,,,,,
KAJIMOTO Ichika (Women's Heats),400m Livre,Parabólico (Sprint Final),105.99,99.74,98.82,99.01,97.98,98.88,98.04,102.03,,,,,,,,,,,,,,,,,,,,,,
KHIEW Hoe Yean (Men's Heats),400m Livre,Uniforme / Estável,108.04,101.01,99.82,98.9,99.04,98.09,95.94,100.0,,,,,,,,,,,,,,,,,,,,,,
KIM Woomin (Men's Final),400m Livre,Super Agressivo (Fly & Die),111.08,100.38,99.84,97.12,97.49,97.29,97.46,100.74,,,,,,,,,,,,,,,,,,,,,,
KIM Woomin (Men's Heats),400m Livre,Positivo (Variante 0),110.77,100.66,100.44,98.99,98.65,97.72,96.74,97.35,,,,,,,,,,,,,,,,,,,,,,
KIRPICHNIKOVA Anastasiia (Women's Heats),400m Livre,Super Agressivo (Fly & Die),110.59,102.69,99.16,98.79,97.0,97.66,95.98,99.56,,,,,,,,,,,,,,,,,,,,,,
KLEMET Oliver (Men's Final),400m Livre,Positivo (Variante 0),110.94,101.82,101.9,99.12,97.75,95.87,96.26,97.92,,,,,,,,,,,,,,,,,,,,,,
KLEMET Oliver (Men's Heats),400m Livre,Positivo (Variante 0),110.13,100.91,101.46,98.76,98.52,96.33,97.36,97.8,,,,,,,,,,,,,,,,,,,,,,
LEDECKY Katie (Women's Final),400m Livre,Uniforme / Estável,108.05,99.87,99.74,97.52,99.47,97.14,99.44,99.54,,,,,,,,,,,,,,,,,,,,,,
LEDECKY Katie (Women's Heats),400m Livre,Uniforme / Estável,108.85,100.97,99.67,98.43,99.01,97.1,96.54,100.4,,,,,,,,,,,,,,,,,,,,,,
LI Bingjie (Women's Final),400m Livre,Parabólico (Sprint Final),106.5,98.08,98.66,97.34,98.47,97.28,100.6,103.86,,,,,,,,,,,,,,,,,,,,,,
LIM Glen Jun Wei (Men's Heats),400m Livre,Positivo (Variante 0),109.72,101.67,100.38,98.79,98.03,97.84,96.62,98.1,,,,,,,,,,,,,,,,,,,,,,
MARKOS Dimitrios (Men's Heats),400m Livre,Parabólico (Sprint Final),109.54,99.09,97.86,97.63,96.9,96.8,98.34,105.29,,,,,,,,,,,,,,,,,,,,,,
MARTENS Lukas (Men's Final),400m Livre,Super Agressivo (Fly & Die),112.21,102.26,99.69,97.49,96.61,97.32,97.01,99.16,,,,,,,,,,,,,,,,,,,,,,
MARTENS Lukas (Men's Heats),400m Livre,Super Agressivo (Fly & Die),114.19,102.03,99.03,97.82,97.89,96.44,97.14,97.65,,,,,,,,,,,,,,,,,,,,,,
MAURER Rex (Men's Heats),400m Livre,Uniforme / Estável,109.51,100.6,100.1,97.85,98.74,98.46,97.71,98.05,,,,,,,,,,,,,,,,,,,,,,
MIJATOVIC Luka (Men's Heats),400m Livre,Positivo (Variante 0),113.7,104.32,101.32,99.3,96.74,94.96,94.36,97.91,,,,,,,,,,,,,,,,,,,,,,
MITSIN Petar Petrov (Men's Final),400m Livre,Positivo (Variante 0),111.3,102.96,100.61,99.86,97.95,96.57,95.52,96.94,,,,,,,,,,,,,,,,,,,,,,
MITSIN Petar Petrov (Men's Heats),400m Livre,Uniforme / Estável,109.4,101.14,98.9,99.14,98.27,98.1,96.36,99.74,,,,,,,,,,,,,,,,,,,,,,
MOGIC Marin (Men's Heats),400m Livre,Uniforme / Estável,106.41,100.13,100.44,98.4,99.76,97.29,98.59,99.49,,,,,,,,,,,,,,,,,,,,,,
MORALES Juan Manuel (Men's Heats),400m Livre,Super Agressivo (Fly & Die),112.08,100.02,98.65,98.15,97.09,97.55,96.54,101.56,,,,,,,,,,,,,,,,,,,,,,
McINTOSH Summer (Women's Final),400m Livre,Parabólico (Sprint Final),107.98,99.04,98.57,97.85,98.31,98.64,99.27,101.07,,,,,,,,,,,,,,,,,,,,,,
McMILLAN Jack (Men's Heats),400m Livre,Uniforme / Estável,107.09,100.67,98.61,98.78,99.72,99.82,98.24,97.66,,,,,,,,,,,,,,,,,,,,,,
NABI Jehanara (Women's Heats),400m Livre,Super Agressivo (Fly & Die),111.96,102.0,100.25,97.0,98.75,95.92,96.62,99.21,,,,,,,,,,,,,,,,,,,,,,
NAMBA Miyu (Women's Heats),400m Livre,Parabólico (Sprint Final),106.88,100.58,97.98,97.13,98.04,98.14,99.39,102.57,,,,,,,,,,,,,,,,,,,,,,
NEHRA Aryan (Men's Heats),400m Livre,Uniforme / Estável,107.89,100.8,98.94,99.07,97.62,97.43,97.15,101.93,,,,,,,,,,,,,,,,,,,,,,
PALLISTER Lani (Women's Final),400m Livre,Uniforme / Estável,109.17,99.96,99.4,98.09,98.38,97.2,97.26,101.56,,,,,,,,,,,,,,,,,,,,,,
PALLISTER Lani (Women's Heats),400m Livre,Uniforme / Estável,108.47,100.12,100.85,97.6,99.1,97.04,97.57,100.15,,,,,,,,,,,,,,,,,,,,,,
PARK Heekyung (Women's Heats),400m Livre,Parabólico (Sprint Final),108.17,99.27,98.53,97.95,98.8,98.31,98.5,101.24,,,,,,,,,,,,,,,,,,,,,,
PERKINS Jamie (Women's Final),400m Livre,Uniforme / Estável,108.22,100.53,99.09,99.12,97.88,97.12,97.22,101.71,,,,,,,,,,,,,,,,,,,,,,
PERKINS Jamie (Women's Heats),400m Livre,Uniforme / Estável,110.01,100.09,100.59,97.23,98.61,97.76,97.17,99.7,,,,,,,,,,,,,,,,,,,,,,
RABESS Kyra (Women's Heats),400m Livre,Positivo (Variante 0),110.61,101.15,100.47,97.49,98.69,97.06,98.05,97.76,,,,,,,,,,,,,,,,,,,,,,
RASOVSZKY Kristof (Men's Heats),400m Livre,Parabólico (Sprint Final),107.94,98.16,99.19,97.9,99.77,98.13,99.5,100.12,,,,,,,,,,,,,,,,,,,,,,
ROBERTSON Hannah (Women's Heats),400m Livre,Positivo (Variante 0),111.69,101.19,100.79,97.79,99.08,96.52,96.27,98.28,,,,,,,,,,,,,,,,,,,,,,
ROMANO Yoav (Men's Heats),400m Livre,Parabólico (Sprint Final),107.47,100.68,98.72,98.35,97.32,97.89,98.42,101.89,,,,,,,,,,,,,,,,,,,,,,
RONCATTO Gabrielle (Women's Heats),400m Livre,Uniforme / Estável,107.36,100.96,100.76,99.13,99.13,97.71,96.71,98.94,,,,,,,,,,,,,,,,,,,,,,
SANTOS Gian (Men's Heats),400m Livre,Super Agressivo (Fly & Die),111.78,101.89,99.61,97.2,97.64,97.77,97.68,98.0,,,,,,,,,,,,,,,,,,,,,,
SARKANY Zalan (Men's Heats),400m Livre,Uniforme / Estável,109.68,100.4,98.24,98.0,97.77,98.17,98.14,100.65,,,,,,,,,,,,,,,,,,,,,,
SHORT Samuel (Men's Final),400m Livre,Positivo (Variante 0),110.3,101.97,100.2,98.12,97.84,97.56,96.41,98.88,,,,,,,,,,,,,,,,,,,,,,
SHORT Samuel (Men's Heats),400m Livre,Positivo (Variante 0),109.33,100.61,100.9,99.03,99.32,97.5,96.99,97.36,,,,,,,,,,,,,,,,,,,,,,
SIBIRTSEV Ilia (Men's Heats),400m Livre,Parabólico (Sprint Final),106.97,99.15,99.35,98.77,98.4,98.23,99.35,100.33,,,,,,,,,,,,,,,,,,,,,,
SOARES MARTINS Francisca (Women's Heats),400m Livre,Uniforme / Estável,108.65,102.66,99.84,98.77,97.72,96.78,96.27,100.39,,,,,,,,,,,,,,,,,,,,,,
STEVERINK Stephan (Men's Heats),400m Livre,Super Agressivo (Fly & Die),112.79,102.78,98.08,98.04,96.91,97.51,96.29,99.52,,,,,,,,,,,,,,,,,,,,,,
TEIXEIRA Kevin (Men's Heats),400m Livre,Uniforme / Estável,109.07,100.29,100.02,99.75,98.83,97.25,96.34,99.45,,,,,,,,,,,,,,,,,,,,,,
THALAGALA Binura (Men's Heats),400m Livre,Positivo (Variante 0),111.5,101.94,100.03,99.78,99.29,96.98,95.96,96.17,,,,,,,,,,,,,,,,,,,,,,
THOMAS Eve (Women's Heats),400m Livre,Parabólico (Sprint Final),108.93,99.18,99.82,97.24,98.65,96.67,99.15,101.34,,,,,,,,,,,,,,,,,,,,,,
TREPOCKA Kristupas (Men's Heats),400m Livre,Parabólico (Sprint Final),110.5,100.44,98.53,97.76,97.3,96.88,96.58,103.5,,,,,,,,,,,,,,,,,,,,,,
VEGA Alberto (Men's Heats),400m Livre,Parabólico (Sprint Final),109.66,100.76,97.35,96.95,96.86,97.29,97.53,105.13,,,,,,,,,,,,,,,,,,,,,,
VENTURA Xavier (Men's Heats),400m Livre,Super Agressivo (Fly & Die),111.98,99.14,98.38,96.99,97.2,97.91,98.38,101.61,,,,,,,,,,,,,,,,,,,,,,
VOJTKO Milan (Men's Heats),400m Livre,Parabólico (Sprint Final),108.48,101.0,99.81,97.24,97.83,96.85,98.26,101.49,,,,,,,,,,,,,,,,,,,,,,
WERNER Maya (Women's Final),400m Livre,Uniforme / Estável,107.71,102.14,101.18,98.43,97.66,97.05,97.02,99.69,,,,,,,,,,,,,,,,,,,,,,
WERNER Maya (Women's Heats),400m Livre,Uniforme / Estável,106.91,102.17,99.5,98.26,97.98,98.57,97.82,99.43,,,,,,,,,,,,,,,,,,,,,,
WIFFEN Daniel (Men's Heats),400m Livre,Positivo (Variante 0),110.3,103.55,98.84,99.25,97.25,98.02,94.95,99.32,,,,,,,,,,,,,,,,,,,,,,
WINNINGTON Elijah (Men's Heats),400m Livre,Positivo (Variante 0),111.62,101.13,100.09,98.39,98.66,96.94,97.3,97.37,,,,,,,,,,,,,,,,,,,,,,
YANG Peiqi (Women's Final),400m Livre,Positivo (Variante 0),109.76,100.32,100.39,99.1,99.8,97.47,97.28,97.0,,,,,,,,,,,,,,,,,,,,,,
YANG Peiqi (Women's Heats),400m Livre,Parabólico (Sprint Final),108.06,100.33,97.72,97.41,97.44,98.35,98.54,103.08,,,,,,,,,,,,,,,,,,,,,,
ZHANG Zhanshuo (Men's Final),400m Livre,Parabólico (Sprint Final),110.38,99.23,98.71,96.81,97.71,95.81,99.72,103.05,,,,,,,,,,,,,,,,,,,,,,
ZHANG Zhanshuo (Men's Heats),400m Livre,Parabólico (Sprint Final),109.37,99.26,98.25,97.3,97.27,97.4,99.75,102.51,,,,,,,,,,,,,,,,,,,,,,
de OLIVEIRA da SIL (Women's Heats),400m Livre,Positivo (Variante 0),110.29,102.5,100.24,98.08,98.05,98.74,96.94,96.49,,,,,,,,,,,,,,,,,,,,,,
de TULLIO Marco (Men's Final),400m Livre,Uniforme / Estável,109.48,101.1,99.17,97.42,98.3,97.66,97.49,100.45,,,,,,,,,,,,,,,,,,,,,,
de TULLIO Marco (Men's Heats),400m Livre,Super Agressivo (Fly & Die),110.21,100.95,99.35,97.13,98.69,97.23,98.9,98.72,,,,,,,,,,,,,,,,,,,,,,
AUBRY David (Men's Heats),800m Livre,Uniforme / Estável,107.92,100.91,100.06,100.26,99.65,100.57,98.96,99.99,98.79,100.46,98.37,100.53,98.56,99.45,96.23,100.12,,,,,,,,,,,,,,
BARROWMAN Harper (Women's Heats),800m Livre,Super Agressivo (Fly & Die),111.28,103.01,100.85,101.28,99.7,99.67,99.19,100.33,98.63,98.44,97.65,99.19,97.24,96.78,96.07,102.47,,,,,,,,,,,,,,
BETLEHEM David (Men's Heats),800m Livre,Parabólico (Sprint Final),108.53,100.48,100.69,98.99,99.39,99.23,99.36,98.63,99.23,98.69,98.23,98.36,98.3,98.5,98.33,106.33,,,,,,,,,,,,,,
BOULAKBECH Jamila (Women's Heats),800m Livre,Positivo (Variante 3),107.4,98.68,101.4,99.44,101.31,99.23,100.34,98.71,101.09,98.79,100.49,97.67,98.68,97.04,99.47,101.06,,,,,,,,,,,,,,
COSTA Guilherme (Men's Heats),800m Livre,Super Agressivo (Fly & Die),111.59,102.49,100.94,100.43,100.87,100.56,100.66,99.39,98.38,97.99,98.12,96.88,97.8,97.2,97.48,100.9,,,,,,,,,,,,,,
DEANS Caitlin (Women's Heats),800m Livre,Uniforme / Estável,105.67,101.74,99.89,100.11,99.42,100.05,98.5,99.33,97.95,98.83,97.44,98.96,97.23,99.11,100.43,106.3,,,,,,,,,,,,,,
DIAKOVA Sofia (Women's Heats),800m Livre,Super Agressivo (Fly & Die),111.44,100.54,102.08,99.63,101.53,99.95,99.82,98.53,99.2,97.57,98.41,96.26,98.17,97.72,100.38,100.35,,,,,,,,,,,,,,
DINI Delfina (Women's Heats),800m Livre,Super Agressivo (Fly & Die),111.45,102.49,101.4,100.05,100.34,99.1,99.66,98.81,99.16,98.26,99.19,97.95,97.69,97.07,99.04,99.84,,,,,,,,,,,,,,
DURAES Diana (Women's Heats),800m Livre,Super Agressivo (Fly & Die),109.76,102.71,102.21,100.56,100.35,99.86,99.24,97.57,98.41,97.03,97.43,97.6,98.29,98.53,99.38,102.49,,,,,,,,,,,,,,
EKK Ethan (Men's Heats),800m Livre,Parabólico (Sprint Final),108.63,100.58,99.4,98.28,99.3,97.56,98.93,97.34,99.0,97.63,99.13,97.98,99.1,99.37,101.83,107.49,,,,,,,,,,,,,,
FAIRWEATHER Erika (Women's Final),800m Livre,Parabólico (Sprint Final),109.75,101.72,101.03,100.51,99.55,99.74,99.05,99.14,98.18,98.61,98.36,97.72,96.75,96.81,98.86,105.81,,,,,,,,,,,,,,
FAIRWEATHER Erika (Women's Heats),800m Livre,Parabólico (Sprint Final),110.91,100.83,101.25,99.36,100.6,99.14,100.57,98.43,99.93,98.24,99.02,94.92,99.33,94.77,99.96,104.66,,,,,,,,,,,,,,
FEI Liwei (Men's Heats),800m Livre,Uniforme / Estável,107.75,99.55,98.49,100.13,99.02,100.54,97.87,100.1,97.83,98.79,98.72,99.72,97.87,99.72,99.29,105.7,,,,,,,,,,,,,,
FINKE Bobby (Men's Final),800m Livre,Super Agressivo (Fly & Die),111.14,102.21,102.18,99.46,100.07,99.02,99.9,99.46,99.94,99.15,98.38,97.56,97.56,96.69,96.91,102.0,,,,,,,,,,,,,,
FINKE Bobby (Men's Heats),800m Livre,Positivo (Variante 3),108.7,100.66,100.73,98.88,100.32,98.64,99.05,98.98,98.98,99.15,99.35,98.78,98.44,98.08,99.29,102.91,,,,,,,,,,,,,,
GAN Ching Hwee (Women's Heats),800m Livre,Uniforme / Estável,107.03,101.82,99.07,100.09,98.73,99.47,98.64,99.72,99.01,100.31,98.92,99.35,98.73,99.22,98.52,102.01,,,,,,,,,,,,,,
GOEDEMANS Benjamin (Men's Final),800m Livre,Parabólico (Sprint Final),110.44,99.7,99.53,98.46,98.46,98.92,98.33,98.1,98.72,98.13,98.1,99.29,98.66,99.53,100.41,106.9,,,,,,,,,,,,,,
GOEDEMANS Benjamin (Men's Heats),800m Livre,Parabólico (Sprint Final),110.24,99.9,100.38,98.99,99.63,99.16,99.39,98.29,99.02,97.51,98.13,97.09,99.49,97.31,101.28,105.78,,,,,,,,,,,,,,
GOSE Isabel (Women's Final),800m Livre,Positivo (Variante 3),109.15,102.13,101.37,100.06,100.42,99.01,99.9,98.05,99.26,98.14,98.86,98.39,98.86,98.32,98.05,101.1,,,,,,,,,,,,,,
GOSE Isabel (Women's Heats),800m Livre,Positivo (Variante 3),109.01,101.64,101.44,99.44,101.04,99.19,99.95,98.72,99.95,98.9,99.79,97.97,98.53,96.76,98.93,99.79,,,,,,,,,,,,,,
HAELL Thilda (Women's Heats),800m Livre,Super Agressivo (Fly & Die),108.85,102.02,101.92,101.52,100.17,100.81,99.4,99.9,99.04,99.43,97.33,98.4,96.85,97.79,96.63,101.18,,,,,,,,,,,,,,
HERNANDEZ MOJARRIETA VA (Men's Heats),800m Livre,Uniforme / Estável,108.92,102.06,98.51,99.2,98.16,98.37,98.22,99.36,98.84,99.08,99.14,100.15,98.87,99.9,99.6,102.61,,,,,,,,,,,,,,
JACKL Vivien (Women's Heats),800m Livre,Parabólico (Sprint Final),106.78,100.6,99.14,99.53,99.62,98.93,98.51,99.11,97.37,98.72,97.4,97.89,98.27,98.19,98.72,113.64,,,,,,,,,,,,,,
JAOUADI Ahmed (Men's Final),800m Livre,Parabólico (Sprint Final),108.95,100.3,98.67,97.89,98.64,97.26,99.01,98.53,99.22,98.4,99.56,98.81,100.79,99.32,100.97,104.9,,,,,,,,,,,,,,
JAOUADI Ahmed (Men's Heats),800m Livre,Positivo (Variante 3),109.65,101.12,100.8,99.2,99.58,98.63,99.79,99.51,100.2,98.06,98.93,97.99,99.89,97.99,98.9,100.8,,,,,,,,,,,,,,
JOENSEN Liggjas (Men's Heats),800m Livre,Parabólico (Sprint Final),111.33,102.69,100.48,99.56,99.24,98.86,99.43,98.71,98.28,97.45,96.49,96.97,98.55,98.8,99.71,105.34,,,,,,,,,,,,,,
JOHANSSON Victor (Men's Final),800m Livre,Uniforme / Estável,108.34,102.02,101.35,99.21,99.18,99.11,98.94,98.34,97.81,98.61,98.61,98.77,98.18,99.65,99.96,102.92,,,,,,,,,,,,,,
JOHANSSON Victor (Men's Heats),800m Livre,Uniforme / Estável,105.6,99.32,99.97,99.42,99.32,99.08,99.49,99.05,99.32,99.05,98.41,99.45,99.22,99.52,100.35,103.98,,,,,,,,,,,,,,
JOHNSON Moesha (Women's Heats),800m Livre,Uniforme / Estável,107.83,101.78,99.93,100.75,99.96,100.34,98.27,100.4,97.85,99.5,97.64,99.0,97.19,99.62,97.88,103.03,,,,,,,,,,,,,,
KAJIMOTO Ichika (Women's Final),800m Livre,Uniforme / Estável,107.38,101.5,99.81,99.68,99.21,99.46,98.66,99.52,98.35,99.34,98.11,99.34,98.56,99.59,98.04,104.34,,,,,,,,,,,,,,
KAJIMOTO Ichika (Women's Heats),800m Livre,Uniforme / Estável,105.77,100.44,98.42,99.15,98.23,99.62,97.9,99.62,98.08,99.43,98.17,100.06,99.46,100.5,100.16,105.8,,,,,,,,,,,,,,
KALANDADZE Anna Sofia (Women's Heats),800m Livre,Super Agressivo (Fly & Die),110.74,103.74,102.19,101.66,99.57,100.47,98.17,99.87,97.45,99.45,97.28,98.34,96.8,98.37,97.03,100.56,,,,,,,,,,,,,,
KHIEW Hoe Yean (Men's Heats),800m Livre,Parabólico (Sprint Final),108.95,101.09,99.41,99.87,98.32,99.41,98.01,99.6,99.15,98.96,97.63,98.58,98.23,98.67,99.06,106.44,,,,,,,,,,,,,,
KIM Chaeyun (Women's Heats),800m Livre,Super Agressivo (Fly & Die),109.57,102.69,101.0,101.0,99.66,100.97,99.69,100.17,99.48,99.06,96.91,96.32,96.94,96.38,99.78,101.81,,,,,,,,,,,,,,
KIRPICHNIKOVA Anastasiia (Women's Heats),800m Livre,Super Agressivo (Fly & Die),110.38,101.5,101.89,99.94,101.28,99.16,100.29,98.76,99.16,98.15,98.88,97.1,99.25,97.4,98.61,99.56,,,,,,,,,,,,,,
KOBRICH Kristel (Women's Heats),800m Livre,Positivo (Variante 3),106.06,99.26,100.51,98.09,100.17,98.5,99.87,99.13,100.45,99.07,99.9,98.8,99.74,99.32,100.27,101.33,,,,,,,,,,,,,,
LEDECKY Katie (Women's Final),800m Livre,Positivo (Variante 3),110.17,101.2,100.83,98.61,99.58,98.32,100.24,97.59,99.74,97.81,98.99,97.81,99.06,98.19,100.37,102.78,,,,,,,,,,,,,,
LEDECKY Katie (Women's Heats),800m Livre,Positivo (Variante 3),110.09,100.6,100.63,98.45,101.39,100.01,99.34,97.58,100.11,98.36,99.69,98.33,100.66,97.92,99.02,98.99,,,,,,,,,,,,,,
LI Bingjie (Women's Final),800m Livre,Uniforme / Estável,108.04,100.14,101.32,99.66,99.28,98.83,99.12,98.52,99.18,99.34,99.05,98.55,98.99,98.39,98.39,104.12,,,,,,,,,,,,,,
LI Bingjie (Women's Heats),800m Livre,Uniforme / Estável,105.37,100.13,99.06,99.85,99.44,99.78,98.84,99.22,99.09,99.25,98.84,99.82,99.53,99.88,99.34,102.99,,,,,,,,,,,,,,
MARKOS Dimitrios (Men's Heats),800m Livre,Uniforme / Estável,109.08,99.76,97.41,99.26,98.05,99.9,98.38,99.43,98.6,100.24,98.74,100.85,98.05,99.9,96.87,107.03,,,,,,,,,,,,,,
MARTENS Lukas (Men's Final),800m Livre,Parabólico (Sprint Final),111.83,99.9,98.91,99.35,97.83,98.23,99.01,98.36,99.32,98.57,98.26,98.43,98.67,99.56,99.76,105.82,,,,,,,,,,,,,,
MARTENS Lukas (Men's Heats),800m Livre,Super Agressivo (Fly & Die),115.28,101.1,100.4,99.85,100.23,98.93,99.68,99.47,100.06,99.3,98.33,98.8,97.44,97.84,95.46,100.26,,,,,,,,,,,,,,
MISHARINA Kseniia (Women's Heats),800m Livre,Super Agressivo (Fly & Die),113.5,103.25,102.83,100.3,101.18,99.43,98.85,95.94,97.69,96.95,98.19,97.6,99.16,96.86,98.82,101.82,,,,,,,,,,,,,,
MORALES Juan Manuel (Men's Heats),800m Livre,Parabólico (Sprint Final),111.11,100.35,98.38,99.16,97.99,97.77,97.32,98.05,98.38,98.28,98.38,99.16,98.67,99.85,101.72,107.44,,,,,,,,,,,,,,
McINTOSH Summer (Women's Final),800m Livre,Positivo (Variante 3),110.27,101.25,100.88,99.37,99.66,98.24,100.41,98.56,99.79,98.56,99.59,98.21,99.27,99.24,99.43,98.4,,,,,,,,,,,,,,
McINTOSH Summer (Women's Heats),800m Livre,Positivo (Variante 3),108.48,100.36,100.43,98.34,98.81,98.22,99.78,98.56,99.91,98.19,99.98,97.97,99.88,98.9,101.04,102.07,,,,,,,,,,,,,,
NEHRA Aryan (Men's Heats),800m Livre,Parabólico (Sprint Final),108.34,101.4,99.31,99.56,99.43,99.24,98.56,98.22,99.21,98.43,98.12,97.79,96.91,98.22,99.5,109.59,,,,,,,,,,,,,,
PALLISTER Lani (Women's Final),800m Livre,Parabólico (Sprint Final),109.97,100.38,100.88,98.2,99.75,98.33,100.05,98.91,99.42,98.04,99.2,97.85,99.55,97.63,98.84,104.34,,,,,,,,,,,,,,
PALLISTER Lani (Women's Heats),800m Livre,Positivo (Variante 3),110.83,100.93,99.57,100.02,99.44,99.96,99.51,99.8,99.44,99.06,98.94,98.4,98.69,97.97,98.81,99.83,,,,,,,,,,,,,,
QUADARELLA Simona (Women's Final),800m Livre,Positivo (Variante 3),107.96,101.15,101.25,100.49,100.99,99.68,100.03,98.72,99.74,98.28,98.91,98.25,98.56,97.72,98.56,100.52,,,,,,,,,,,,,,
QUADARELLA Simona (Women's Heats),800m Livre,Positivo (Variante 3),107.12,100.51,100.35,99.27,99.39,99.46,99.68,98.58,99.33,98.18,100.09,98.05,99.71,98.8,100.29,101.82,,,,,,,,,,,,,,
RASOVSZKY Kristof (Men's Heats),800m Livre,Super Agressivo (Fly & Die),111.18,100.29,102.6,100.36,101.36,99.7,100.83,98.69,100.46,98.79,98.85,97.05,97.71,96.49,98.21,99.01,,,,,,,,,,,,,,
RONCATTO Gabrielle (Women's Heats),800m Livre,Super Agressivo (Fly & Die),110.58,102.87,101.73,101.2,101.1,100.33,100.43,99.4,98.89,97.84,97.87,97.52,97.38,96.13,97.46,100.92,,,,,,,,,,,,,,
SCHWARZ Sven (Men's Final),800m Livre,Parabólico (Sprint Final),108.97,101.19,99.96,98.15,99.47,97.91,99.27,98.42,99.64,98.32,98.72,98.65,99.1,98.72,99.03,105.77,,,,,,,,,,,,,,
SCHWARZ Sven (Men's Heats),800m Livre,Parabólico (Sprint Final),109.05,100.64,100.61,98.82,99.91,98.02,99.5,98.42,99.33,98.45,99.16,98.42,98.86,97.86,99.4,104.72,,,,,,,,,,,,,,
SHORT Samuel (Men's Heats),800m Livre,Positivo (Variante 3),110.14,100.76,99.89,98.87,99.62,98.26,99.82,98.23,99.58,98.53,99.41,98.87,99.72,98.09,100.45,100.87,,,,,,,,,,,,,,
SIBIRTSEV Ilia (Men's Heats),800m Livre,Positivo (Variante 3),108.33,99.96,99.73,98.17,99.19,98.39,99.39,98.36,99.62,98.26,99.52,98.26,100.13,99.52,100.99,103.07,,,,,,,,,,,,,,
TEIXEIRA Kevin (Men's Heats),800m Livre,Positivo (Variante 3),109.7,100.29,100.49,99.47,100.04,99.54,98.91,98.48,99.85,98.66,99.28,96.35,99.28,97.27,100.39,103.24,,,,,,,,,,,,,,
TUNCELLI Kuzey (Men's Final),800m Livre,Positivo (Variante 3),111.56,101.03,101.38,99.05,100.06,98.68,100.96,98.88,99.89,97.92,99.76,98.05,98.61,97.11,98.38,100.16,,,,,,,,,,,,,,
TUNCELLI Kuzey (Men's Heats),800m Livre,Uniforme / Estável,108.59,101.75,99.49,100.66,99.15,100.35,99.05,99.97,97.95,99.9,98.38,100.63,97.1,97.75,97.91,102.43,,,,,,,,,,,,,,
VASILAKI Artemis (Women's Heats),800m Livre,Super Agressivo (Fly & Die),113.6,101.78,102.45,99.3,100.83,98.94,100.21,98.67,99.27,97.84,99.48,97.09,97.67,97.29,98.43,99.21,,,,,,,,,,,,,,
VOJTKO Milan (Men's Heats),800m Livre,Super Agressivo (Fly & Die),111.33,101.24,102.07,99.57,101.62,98.66,100.7,99.15,99.94,96.73,98.66,96.79,97.96,97.64,98.69,100.87,,,,,,,,,,,,,,
WEINSTEIN Claire (Women's Heats),800m Livre,Uniforme / Estável,110.64,102.75,98.96,98.9,97.47,99.44,98.18,99.17,98.66,99.63,98.36,99.26,97.18,100.62,99.57,102.66,,,,,,,,,,,,,,
WERNER Maya (Women's Heats),800m Livre,Uniforme / Estável,108.11,102.04,100.14,100.67,99.52,100.64,99.24,99.98,99.34,99.61,97.56,98.1,96.77,98.91,97.38,103.02,,,,,,,,,,,,,,
WIFFEN Daniel (Men's Final),800m Livre,Super Agressivo (Fly & Die),114.77,105.09,104.73,102.89,102.5,101.39,100.5,98.71,98.03,95.44,96.3,96.36,97.3,95.74,95.87,97.94,,,,,,,,,,,,,,
WIFFEN Daniel (Men's Heats),800m Livre,Parabólico (Sprint Final),111.59,102.56,101.52,99.28,99.62,99.17,99.51,99.07,99.89,97.78,97.81,96.67,96.26,99.17,96.48,105.72,,,,,,,,,,,,,,
YANG Peiqi (Women's Heats),800m Livre,Positivo (Variante 3),109.61,99.92,100.55,98.86,100.26,98.43,99.48,98.89,100.36,98.58,99.32,97.91,99.76,96.81,101.12,101.25,,,,,,,,,,,,,,
ZHANG Zhanshuo (Men's Heats),800m Livre,Parabólico (Sprint Final),111.73,98.89,98.7,97.91,98.53,98.4,98.01,98.4,98.43,98.43,98.01,97.94,98.7,98.27,100.47,112.07,,,,,,,,,,,,,,
de TULLIO Luca (Men's Heats),800m Livre,Super Agressivo (Fly & Die),108.98,102.83,100.49,101.18,99.98,99.85,99.11,99.28,98.98,99.41,98.29,98.45,97.16,97.64,97.7,101.81,,,,,,,,,,,,,,
van RENSBURG Catherine (Women's Heats),800m Livre,Positivo (Variante 3),109.12,100.19,100.04,99.68,99.14,99.2,99.53,98.9,99.14,98.67,99.11,98.85,98.87,99.02,99.5,101.94,,,,,,,,,,,,,,
AUBRY David (Men's Heats),1500m Livre,Uniforme / Estável,109.37,101.83,101.76,101.69,101.31,101.28,100.77,101.25,100.54,100.77,100.07,99.9,99.94,100.14,98.76,99.9,97.92,98.85,97.79,98.95,98.14,99.97,98.47,99.44,97.26,97.86,98.4,96.97,97.67,104.7
BETLEHEM David (Men's Heats),1500m Livre,Uniforme / Estável,108.39,100.23,100.4,100.3,100.98,100.47,101.08,100.67,100.54,100.64,100.5,100.17,100.27,100.43,100.4,99.4,99.87,99.93,100.5,99.67,99.87,98.91,98.94,98.68,98.23,97.88,97.78,97.84,98.26,99.73
COX Jillian (Women's Heats),1500m Livre,Positivo (Variante 0),103.77,98.85,99.28,99.37,98.52,99.61,98.88,99.74,99.52,100.45,99.4,100.39,99.13,99.28,99.09,98.73,98.97,99.86,99.92,100.51,99.37,100.57,99.37,100.29,99.68,100.42,100.23,100.64,100.17,106.68
DEANS Caitlin (Women's Heats),1500m Livre,Uniforme / Estável,106.5,101.59,101.34,101.09,100.93,100.99,100.43,100.55,100.15,100.52,99.97,100.06,99.6,99.2,99.47,98.93,98.66,99.32,97.85,98.66,97.56,98.27,98.54,99.72,99.54,99.87,98.57,99.02,99.29,104.78
DINI Delfina (Women's Heats),1500m Livre,Uniforme / Estável,109.77,103.74,100.66,100.42,99.24,99.74,98.68,99.85,98.39,100.03,99.15,100.81,99.21,100.48,99.41,100.36,99.97,99.15,99.15,100.09,98.88,98.8,98.39,98.97,97.96,98.83,98.02,98.02,99.03,106.5
DURAES Diana (Women's Heats),1500m Livre,Super Agressivo (Fly & Die),111.67,103.81,103.3,102.18,102.03,101.05,100.31,101.02,100.81,100.42,99.92,99.6,98.93,98.01,97.28,98.1,98.33,98.36,98.64,98.64,98.3,97.96,98.76,98.96,98.87,98.84,98.27,99.02,99.16,101.48
FASSINA ROMAO Leticia (Women's Heats),1500m Livre,Uniforme / Estável,108.85,102.39,100.35,99.98,99.89,100.44,99.54,100.2,99.92,100.77,100.02,100.74,99.92,99.92,99.45,100.35,98.94,99.6,99.36,99.72,100.08,100.35,99.03,99.8,98.74,99.21,97.61,98.01,97.32,100.53
FEI Liwei (Men's Heats),1500m Livre,Super Agressivo (Fly & Die),113.01,101.63,102.18,100.58,100.95,100.95,101.98,100.15,101.84,100.15,100.55,100.58,100.15,100.35,99.62,99.26,99.75,99.03,99.59,97.65,98.77,98.26,99.52,97.62,97.56,97.37,97.12,96.9,98.03,101.12
FINKE Bobby (Men's Final),1500m Livre,Positivo (Variante 0),110.39,100.48,100.03,99.15,98.82,98.58,99.12,98.65,99.29,98.28,99.73,98.02,99.39,98.02,99.02,99.02,100.24,99.15,100.07,99.49,100.0,98.55,100.0,98.75,99.93,99.12,100.24,99.86,101.14,109.56
FINKE Bobby (Men's Heats),1500m Livre,Positivo (Variante 0),109.63,100.35,100.52,99.17,99.27,98.94,99.91,98.51,99.61,98.84,100.49,99.84,99.41,98.61,99.74,99.27,99.91,99.04,100.62,98.54,99.61,98.84,100.08,99.57,100.39,98.61,100.18,99.57,100.62,103.45
GAN Ching Hwee (Women's Final),1500m Livre,Uniforme / Estável,109.24,102.74,101.22,100.43,100.08,100.08,99.8,100.33,99.43,99.87,99.93,99.9,99.68,100.12,98.85,99.74,99.13,99.07,99.62,98.76,99.0,98.79,99.22,98.67,98.61,99.1,99.0,98.94,99.46,102.25
GAN Ching Hwee (Women's Heats),1500m Livre,Uniforme / Estável,107.06,101.59,100.42,100.67,99.76,100.54,99.92,100.13,99.36,100.7,99.64,100.1,99.05,100.45,99.14,100.61,99.88,100.32,99.48,99.95,100.01,99.42,98.81,99.73,99.17,98.41,98.56,98.59,98.56,100.61
GOSE Isabel (Women's Heats),1500m Livre,Super Agressivo (Fly & Die),109.09,103.6,102.74,101.99,102.02,101.51,102.19,101.38,101.96,100.72,101.29,99.75,100.28,100.13,100.91,99.05,99.97,98.84,98.24,97.7,98.27,97.26,97.49,97.49,97.08,96.88,98.03,96.82,98.93,100.28
HAELL Thilda (Women's Heats),1500m Livre,Uniforme / Estável,111.19,102.36,101.44,99.79,100.68,99.17,100.05,99.41,100.53,98.74,100.47,99.35,100.29,99.96,99.91,98.82,100.05,98.22,99.41,98.31,99.52,98.77,99.06,98.28,99.2,98.16,99.88,98.74,99.76,101.99
IMAFUKU Kazushi (Men's Heats),1500m Livre,Super Agressivo (Fly & Die),111.83,105.09,102.57,103.85,102.5,102.57,101.46,101.79,101.12,101.32,100.73,100.17,100.66,99.81,98.73,98.92,100.37,99.27,98.54,97.51,98.19,96.84,98.26,96.44,95.9,96.59,97.14,97.11,97.48,100.11
ISMAYILZADA Suleyman (Men's Heats),1500m Livre,Uniforme / Estável,110.52,100.35,101.16,100.42,101.32,100.67,98.87,99.56,100.0,99.53,99.47,98.87,98.07,100.07,98.07,99.4,99.47,99.28,99.94,97.8,100.23,99.12,99.06,97.95,99.62,99.15,99.19,99.12,101.91,103.21
JACKL Vivien (Women's Heats),1500m Livre,Parabólico (Sprint Final),112.09,104.09,102.67,101.44,101.09,99.93,99.81,98.67,100.51,99.48,101.34,98.67,99.27,97.85,99.0,97.33,98.73,97.8,97.05,96.93,100.72,96.82,98.35,97.71,100.69,98.09,99.27,98.64,103.34,105.25
JAOUADI Ahmed (Men's Final),1500m Livre,Positivo (Variante 0),108.03,99.75,98.87,98.04,99.89,97.35,99.17,97.87,99.72,98.2,99.27,98.24,99.61,99.21,99.21,99.14,99.44,99.92,99.85,99.24,99.61,98.54,99.78,97.97,99.99,99.68,100.61,101.7,102.81,111.5
JAOUADI Ahmed (Men's Heats),1500m Livre,Positivo (Variante 0),109.54,101.19,99.19,99.09,99.12,100.61,98.39,99.42,98.82,100.37,99.89,98.13,98.33,97.9,101.82,97.94,98.26,98.95,99.52,98.99,99.12,97.23,100.54,99.56,100.03,100.27,100.85,100.85,100.57,107.27
JOENSEN Liggjas (Men's Heats),1500m Livre,Super Agressivo (Fly & Die),114.39,105.95,103.9,101.45,102.25,101.55,102.7,102.37,101.36,102.53,102.28,101.33,99.33,98.67,97.96,96.86,98.52,97.32,98.23,97.67,99.15,98.55,100.27,98.55,96.86,98.47,98.23,94.0,95.79,97.32
JOHANSSON Victor (Men's Heats),1500m Livre,Uniforme / Estável,109.2,102.95,101.19,100.99,100.99,101.12,100.55,100.99,100.38,100.22,100.09,98.87,99.43,98.94,99.36,98.71,98.81,98.68,99.0,97.97,98.39,98.04,98.1,98.61,98.01,98.52,98.42,99.43,100.65,104.88
JOHNSON Moesha (Women's Final),1500m Livre,Uniforme / Estável,109.01,101.69,100.19,100.89,100.07,100.54,99.88,100.35,99.08,100.13,99.66,100.13,98.71,99.54,98.74,99.85,98.8,99.91,98.71,99.42,98.35,99.79,97.93,99.35,99.02,99.17,98.99,99.42,100.16,103.62
JOHNSON Moesha (Women's Heats),1500m Livre,Uniforme / Estável,107.45,100.66,100.47,99.76,100.66,100.79,100.38,99.85,100.1,99.97,100.13,99.23,100.41,99.6,99.91,99.11,99.6,99.11,99.35,98.74,99.48,98.99,98.62,98.65,99.72,98.56,100.16,98.47,99.85,102.98
JOHNSTON David (Men's Heats),1500m Livre,Positivo (Variante 0),107.65,98.95,99.81,98.75,99.41,98.75,99.81,99.15,99.98,99.15,99.28,98.98,99.41,98.79,99.81,98.69,98.89,99.21,99.91,99.61,100.31,99.81,99.71,99.64,100.15,100.21,99.45,100.25,101.78,105.71
JOLY Damien (Men's Final),1500m Livre,Uniforme / Estável,109.37,103.11,100.31,101.01,100.12,101.11,99.82,101.27,99.43,100.71,98.73,100.48,98.98,100.41,98.54,100.28,98.35,99.98,98.79,98.98,98.28,99.69,97.94,99.47,97.81,98.98,98.57,99.34,99.4,101.98
JOLY Damien (Men's Heats),1500m Livre,Positivo (Variante 0),106.19,98.35,100.21,99.34,99.87,99.24,99.97,99.64,100.55,99.47,100.04,98.58,100.31,98.87,100.41,98.51,100.45,99.5,100.96,100.24,100.18,99.87,99.3,99.97,100.21,99.5,99.47,99.4,99.57,102.35
KAJIMOTO Ichika (Women's Heats),1500m Livre,Positivo (Variante 0),106.67,100.04,100.16,99.79,99.91,98.57,99.67,98.51,99.57,98.84,100.22,98.78,99.21,98.99,99.48,99.21,99.15,100.35,100.01,99.76,99.54,99.06,99.79,99.27,99.51,99.18,99.7,100.13,101.48,106.43
KALANDADZE Anna Sofia (Women's Heats),1500m Livre,Uniforme / Estável,110.65,102.23,102.11,100.03,100.95,100.12,100.35,99.67,100.32,99.44,100.47,100.5,100.74,99.73,99.73,99.23,99.26,99.26,99.21,98.46,99.03,99.15,99.38,97.72,98.86,97.86,99.23,98.03,98.86,100.8
KIM Chaeyun (Women's Heats),1500m Livre,Parabólico (Sprint Final),112.59,105.22,104.04,102.71,103.53,102.24,102.21,101.96,100.86,100.83,99.93,98.03,97.98,98.03,97.3,97.01,98.41,95.23,96.29,96.99,97.69,94.4,99.54,96.9,98.93,96.02,100.92,97.8,103.09,107.64
KIRPICHNIKOVA Anastasiia (Women's Final),1500m Livre,Uniforme / Estável,109.67,100.9,101.22,100.29,100.67,99.92,100.36,99.89,100.07,99.7,100.32,100.17,100.64,100.7,100.29,100.14,99.76,99.79,99.98,98.8,99.26,99.05,99.26,98.93,98.83,98.19,98.13,97.77,97.83,100.58
KIRPICHNIKOVA Anastasiia (Women's Heats),1500m Livre,Uniforme / Estável,110.16,101.26,101.68,100.35,100.82,99.42,100.6,99.39,100.26,99.08,99.33,99.33,100.32,99.73,100.6,99.54,99.91,99.39,99.85,98.93,100.16,98.93,99.51,98.57,98.99,97.76,99.05,97.79,98.81,101.68
KOBRICH Kristel (Women's Heats),1500m Livre,Parabólico (Sprint Final),104.62,98.99,98.87,99.35,98.96,99.74,99.23,99.99,98.84,100.02,98.99,100.08,99.29,99.74,98.48,99.53,99.14,100.11,98.66,100.08,99.08,100.41,98.16,99.41,98.16,99.26,97.28,99.41,97.89,123.14
LEDECKY Katie (Women's Final),1500m Livre,Uniforme / Estável,111.73,103.25,101.58,100.69,100.72,100.04,100.33,99.52,100.04,99.75,100.33,99.68,100.59,98.41,99.94,98.6,99.42,98.79,99.78,98.73,99.33,97.91,99.04,98.19,99.23,97.29,99.65,98.07,98.85,102.26
LEDECKY Katie (Women's Heats),1500m Livre,Positivo (Variante 0),109.82,100.91,101.04,98.06,100.1,98.12,100.46,98.93,99.09,98.18,100.52,98.56,100.27,97.78,100.14,98.77,100.23,98.68,100.59,98.74,100.27,99.12,100.17,99.15,100.36,98.74,101.18,99.18,102.13,101.97
LI Bingjie (Women's Final),1500m Livre,Positivo (Variante 0),109.29,99.56,100.67,98.97,100.42,98.45,100.04,98.54,99.38,99.1,100.29,99.44,100.83,98.39,100.45,99.19,99.85,99.1,100.1,99.28,100.51,99.31,100.58,98.82,99.66,99.88,99.0,99.19,100.04,102.73
LI Bingjie (Women's Heats),1500m Livre,Positivo (Variante 0),107.39,99.59,99.71,98.67,99.8,98.7,99.93,98.73,100.05,98.94,100.27,98.85,100.43,98.88,100.59,99.56,100.55,99.8,100.21,100.15,100.87,99.84,100.33,99.56,100.21,98.85,100.24,99.06,99.77,101.13
MISHARINA Kseniia (Women's Heats),1500m Livre,Uniforme / Estável,110.88,101.16,101.07,99.94,99.76,99.61,100.44,99.09,99.21,99.39,100.25,99.64,99.45,99.3,100.41,99.67,99.03,98.82,99.18,99.24,98.7,98.88,99.09,98.34,98.7,98.73,99.03,99.0,100.66,104.89
MOGIC Marin (Men's Heats),1500m Livre,Parabólico (Sprint Final),109.56,102.07,103.05,102.44,103.53,101.84,101.87,100.79,100.76,100.33,99.95,100.4,99.0,98.22,97.21,98.06,97.82,97.73,97.48,97.57,97.91,97.18,98.59,97.85,96.85,97.6,98.65,100.5,101.71,105.81
NGUYEN Huy Hoang (Men's Heats),1500m Livre,Parabólico (Sprint Final),110.56,103.64,100.18,102.39,99.7,99.79,99.47,99.7,100.18,99.96,98.86,98.07,98.7,97.41,97.91,97.23,99.34,98.35,98.57,99.89,98.67,100.38,98.83,99.6,98.86,100.22,99.28,99.02,100.74,106.48
PALLISTER Lani (Women's Final),1500m Livre,Super Agressivo (Fly & Die),111.53,105.28,102.69,102.86,101.76,101.69,100.97,101.17,101.17,100.01,100.55,99.63,99.19,99.12,98.72,98.75,98.97,99.12,99.09,98.13,99.22,97.83,98.5,96.86,99.03,96.98,98.41,96.38,98.07,100.62
PALLISTER Lani (Women's Heats),1500m Livre,Uniforme / Estável,111.66,102.35,100.85,99.86,100.94,99.35,100.78,100.4,100.91,99.7,100.69,99.26,100.49,99.54,100.53,98.39,100.37,98.39,100.02,98.58,99.17,97.57,98.95,97.48,98.79,97.54,99.11,98.98,99.61,101.4
QUADARELLA Simona (Women's Final),1500m Livre,Uniforme / Estável,108.11,101.5,101.5,99.58,101.04,99.61,100.39,98.95,100.84,98.82,99.97,98.66,100.03,99.04,100.61,99.23,100.03,99.52,100.03,99.01,100.22,98.29,99.39,98.7,99.74,97.95,100.19,97.24,100.88,101.87
QUADARELLA Simona (Women's Heats),1500m Livre,Uniforme / Estável,107.35,100.83,100.87,100.26,99.91,99.5,99.56,100.13,100.42,100.58,99.69,100.42,99.59,100.54,100.13,99.5,99.75,99.69,99.66,99.06,100.26,98.88,99.16,97.71,98.6,98.97,98.66,99.0,100.26,101.81
RABESS Kyra (Women's Heats),1500m Livre,Uniforme / Estável,110.16,102.29,101.51,99.78,100.01,100.16,101.06,99.52,100.8,99.29,100.18,99.38,99.18,99.29,99.38,99.23,99.43,98.33,99.12,98.16,99.52,98.53,98.78,98.72,99.15,98.75,99.72,99.26,100.18,102.38
RAWAT Kushagra (Men's Heats),1500m Livre,Positivo (Variante 0),112.11,101.03,100.58,97.71,99.34,98.05,99.31,98.14,99.19,99.25,100.45,99.31,100.61,99.53,100.35,99.5,100.07,99.62,100.23,99.62,99.91,99.19,99.28,99.44,99.12,98.17,99.25,99.0,101.09,103.24
RONCATTO Gabrielle (Women's Heats),1500m Livre,Uniforme / Estável,107.84,100.58,100.65,100.52,101.73,100.74,101.32,100.8,101.11,100.04,101.54,100.28,101.17,99.85,100.34,98.43,98.63,97.96,98.16,97.24,97.7,98.25,97.24,97.7,98.54,98.96,99.11,98.93,101.42,104.6
SARKANY Zalan (Men's Final),1500m Livre,Super Agressivo (Fly & Die),112.13,102.15,101.42,101.42,100.77,100.6,100.94,100.74,101.01,100.71,100.77,99.6,100.6,100.1,100.1,98.9,99.23,98.25,98.32,98.45,98.15,97.96,98.64,97.42,97.67,97.48,98.74,97.93,99.33,102.4
SARKANY Zalan (Men's Heats),1500m Livre,Uniforme / Estável,111.01,100.16,101.6,99.82,100.46,98.79,100.43,99.35,100.33,98.65,99.45,99.05,99.68,98.46,99.82,99.28,99.15,99.32,99.12,99.22,99.55,98.98,99.05,99.42,99.68,99.65,99.15,99.55,100.06,103.12
SCHWARZ Sven (Men's Final),1500m Livre,Positivo (Variante 0),108.19,99.76,98.91,98.55,99.59,98.28,98.58,98.48,99.42,99.42,99.49,99.32,98.81,99.42,99.08,99.62,99.25,99.15,100.24,98.85,99.86,99.45,99.66,99.35,100.69,99.42,100.65,99.35,102.28,108.39
SCHWARZ Sven (Men's Heats),1500m Livre,Positivo (Variante 0),108.73,100.34,99.63,99.29,99.46,98.7,99.46,98.8,100.0,99.5,100.55,99.09,99.63,99.29,99.43,99.7,99.76,99.83,99.46,98.37,99.03,98.9,99.36,101.51,98.56,98.5,99.9,99.97,101.03,105.39
SHORT Samuel (Men's Final),1500m Livre,Positivo (Variante 0),107.78,100.74,99.68,99.11,99.99,99.55,98.68,99.72,99.28,100.16,99.45,99.88,98.91,100.33,99.35,99.78,98.88,99.31,98.61,99.31,98.88,98.68,98.84,99.45,99.08,99.04,99.24,100.43,100.95,108.3
SHORT Samuel (Men's Heats),1500m Livre,Positivo (Variante 0),106.0,97.79,97.66,98.57,98.5,98.97,98.7,99.07,99.47,99.37,99.23,98.83,99.37,99.37,99.07,98.5,99.03,99.63,100.07,100.38,99.2,100.65,100.58,100.51,100.28,101.03,100.65,101.38,101.62,107.78
SIBIRTSEV Ilia (Men's Heats),1500m Livre,Super Agressivo (Fly & Die),112.64,103.37,104.0,101.98,102.99,102.65,102.72,102.18,102.28,102.11,103.1,102.55,103.13,101.85,103.03,101.81,101.85,100.59,99.24,97.95,97.74,95.6,96.1,94.46,95.13,93.84,93.84,93.13,95.16,98.14
THEIBICH Ahmed (Men's Heats),1500m Livre,Parabólico (Sprint Final),119.41,106.45,104.34,101.44,101.77,99.32,99.21,97.84,97.51,97.16,97.46,97.21,97.73,98.26,97.9,97.7,98.17,98.79,98.53,98.96,98.2,98.56,98.82,98.48,99.04,98.45,99.35,99.52,100.39,109.37
THOMAS Eve (Women's Heats),1500m Livre,Parabólico (Sprint Final),110.41,103.64,102.51,100.88,101.66,101.28,100.63,100.79,100.75,101.5,100.02,100.2,99.42,99.6,98.58,99.36,97.47,98.61,97.79,98.17,97.71,98.05,97.04,97.59,98.35,97.56,97.36,98.49,99.9,107.01
TUNCELLI Kuzey (Men's Final),1500m Livre,Super Agressivo (Fly & Die),112.9,102.69,100.94,100.13,100.53,100.2,100.77,100.74,100.74,100.33,101.01,100.7,100.5,100.5,100.36,100.47,100.74,99.83,99.86,98.73,99.26,97.92,98.8,97.79,97.95,96.77,98.21,96.74,97.63,98.37
TUNCELLI Kuzey (Men's Heats),1500m Livre,Positivo (Variante 0),110.85,101.02,100.17,99.29,99.69,99.76,100.44,98.43,99.46,99.06,99.09,98.96,99.02,98.5,98.93,100.3,99.96,98.89,99.02,98.79,99.36,98.33,99.59,99.29,99.66,98.66,100.1,98.93,101.55,106.61
VASILAKI Artemis (Women's Heats),1500m Livre,Super Agressivo (Fly & Die),112.64,102.18,103.16,100.33,103.68,100.69,101.96,100.36,100.82,100.48,100.6,99.43,100.33,99.58,99.58,98.49,98.43,97.85,99.1,98.66,98.81,98.16,98.57,96.88,98.78,97.25,97.33,96.57,100.36,101.31
WELLBROCK Florian (Men's Final),1500m Livre,Positivo (Variante 0),109.62,101.4,100.98,100.02,100.64,99.25,100.23,98.98,99.89,99.25,99.85,99.48,100.06,99.15,100.06,99.55,100.57,99.38,98.85,97.99,98.29,98.06,98.75,98.09,99.11,98.58,98.78,99.75,100.16,106.84
WELLBROCK Florian (Men's Heats),1500m Livre,Positivo (Variante 0),110.55,101.46,101.01,99.37,100.25,99.64,99.98,98.71,99.64,98.94,98.94,98.74,99.07,98.87,99.54,99.21,99.24,98.64,99.11,98.64,99.14,98.44,99.57,98.64,100.42,98.74,99.74,99.11,100.8,107.68
YANG Peiqi (Women's Final),1500m Livre,Uniforme / Estável,110.15,102.01,98.75,101.4,99.83,101.43,99.98,100.86,99.33,100.99,98.97,100.89,99.46,100.67,98.69,100.54,98.21,99.73,98.33,100.39,97.44,100.26,97.2,99.18,97.73,98.91,98.12,98.54,99.21,104.4
YANG Peiqi (Women's Heats),1500m Livre,Positivo (Variante 0),109.18,99.0,99.27,98.78,100.92,99.42,99.82,99.12,99.82,99.55,100.51,99.18,100.23,99.89,100.92,99.79,100.88,98.75,100.23,98.6,100.13,98.33,99.89,97.98,98.91,100.16,99.45,98.24,99.7,104.54
van RENSBURG Catherine (Women's Heats),1500m Livre,Uniforme / Estável,112.55,104.72,101.37,101.41,99.8,101.16,98.93,100.39,99.39,99.53,98.47,98.93,98.52,98.5,98.95,99.3,98.75,99.07,98.98,98.93,99.01,99.36,98.52,98.93,98.52,99.62,99.45,99.8,99.13,101.95
